kind,held,N,n_clusters,phenotype,Lambda,K_eff,rbar_E,wild_lo,wild_hi,wild_se,negative_diagonals,min_diagonal
"drop_recipe","Falcon-with-cc-top-orig-10p","120","24","margin","1.24993","6.40072","0.0624805","1.1489","1.34627","0.0447228","1","-2.91016e-07"
"drop_recipe","Falcon-with-cc-top-orig-10p","120","24","accuracy","1.07409","8.66803","0.0170738","0.989787","1.1569","0.0383703","2","-2.47792e-05"
"drop_recipe","Falcon-with-cc-top-tulu-10p","120","24","margin","1.24462","6.45543","0.0610094","1.14105","1.34137","0.0455489","1","-3.51402e-07"
"drop_recipe","Falcon-with-cc-top-tulu-10p","120","24","accuracy","1.07241","8.69526","0.0166725","0.988372","1.15417","0.038141","3","-2.4357e-05"
"drop_recipe","c4","120","24","margin","1.24706","6.43025","0.0616834","1.14487","1.34314","0.0451262","1","-2.70358e-07"
"drop_recipe","c4","120","24","accuracy","1.07908","8.58808","0.0182672","0.994004","1.16099","0.0386326","2","-2.60701e-05"
"drop_recipe","dclm-baseline","120","24","margin","1.24444","6.45729","0.0609596","1.14102","1.3411","0.0455688","1","-3.42114e-07"
"drop_recipe","dclm-baseline","120","24","accuracy","1.0864","8.47273","0.0200285","1.00216","1.16673","0.0376204","2","-2.7136e-05"
"drop_recipe","dclm-baseline-25p-dolma1.7-75p","120","24","margin","1.25638","6.33516","0.064277","1.16106","1.34788","0.0430076","1","-3.13998e-07"
"drop_recipe","dclm-baseline-25p-dolma1.7-75p","120","24","accuracy","1.09892","8.28069","0.0230698","1.02481","1.16887","0.0345733","2","-2.40732e-05"
"drop_recipe","dclm-baseline-50p-dolma1.7-50p","120","24","margin","1.24885","6.41176","0.0621816","1.14498","1.34798","0.0455372","1","-3.15643e-07"
"drop_recipe","dclm-baseline-50p-dolma1.7-50p","120","24","accuracy","1.07182","8.70469","0.016534","0.97784","1.16195","0.041829","2","-2.18064e-05"
"drop_recipe","dclm-baseline-75p-dolma1.7-25p","120","24","margin","1.24088","6.49446","0.059975","1.12883","1.34454","0.0482485","1","-2.84248e-07"
"drop_recipe","dclm-baseline-75p-dolma1.7-25p","120","24","accuracy","1.06805","8.76625","0.0156376","0.97985","1.15221","0.039667","2","-1.85221e-05"
"drop_recipe","dclm-baseline-top-10p","120","24","margin","1.24345","6.46756","0.0606865","1.13725","1.34208","0.0462498","1","-2.15166e-07"
"drop_recipe","dclm-baseline-top-10p","120","24","accuracy","1.08191","8.54311","0.0189482","0.997813","1.16284","0.0385422","2","-1.91589e-05"
"drop_recipe","dclm-baseline-top-20p","120","24","margin","1.2457","6.44422","0.0613087","1.14233","1.34162","0.0452165","1","-2.19755e-07"
"drop_recipe","dclm-baseline-top-20p","120","24","accuracy","1.0803","8.56862","0.018561","0.996251","1.1614","0.0382157","2","-2.2284e-05"
"drop_recipe","dclm-baseline-top-fw-10p","120","24","margin","1.2497","6.40307","0.0624168","1.14701","1.34388","0.0449849","1","-3.21857e-07"
"drop_recipe","dclm-baseline-top-fw-10p","120","24","accuracy","1.07386","8.67171","0.0170195","0.990018","1.15429","0.0376926","2","-2.49107e-05"
"drop_recipe","dclm-baseline-top-fw-3p","120","24","margin","1.24879","6.4124","0.0621643","1.14354","1.34463","0.0458655","1","-3.91979e-07"
"drop_recipe","dclm-baseline-top-fw-3p","120","24","accuracy","1.06998","8.73467","0.0160959","0.985424","1.15153","0.0382389","3","-2.1623e-05"
"drop_recipe","dclm-baseline-top-fw2-7p","120","24","margin","1.24509","6.45056","0.0611391","1.13995","1.3408","0.0456389","1","-3.79804e-07"
"drop_recipe","dclm-baseline-top-fw2-7p","120","24","accuracy","1.07812","8.6033","0.0180383","0.994611","1.15871","0.0380208","2","-2.33534e-05"
"drop_recipe","dclm-baseline-top-fw3-7p","120","24","margin","1.24636","6.43742","0.0614909","1.14257","1.34181","0.0451838","1","-3.50541e-07"
"drop_recipe","dclm-baseline-top-fw3-7p","120","24","accuracy","1.0834","8.51959","0.0193073","0.999377","1.16308","0.0378178","2","-2.45646e-05"
"drop_recipe","dolma1.6++","120","24","margin","1.24409","6.46093","0.0608629","1.13776","1.34135","0.0459863","1","-3.33551e-07"
"drop_recipe","dolma1.6++","120","24","accuracy","1.08065","8.56312","0.0186443","0.989749","1.16729","0.0403609","3","-2.53226e-05"
"drop_recipe","dolma1.7","120","24","margin","1.24506","6.45087","0.061131","1.09466","1.37824","0.0556606","1","-3.52109e-07"
"drop_recipe","dolma1.7","120","24","accuracy","1.0791","8.58776","0.018272","0.989469","1.16353","0.0399523","2","-2.48865e-05"
"drop_recipe","dolma1.7-no-code","120","24","margin","1.22956","6.61456","0.0568685","1.11284","1.33533","0.0524968","1","-3.83985e-07"
"drop_recipe","dolma1.7-no-code","120","24","accuracy","1.06542","8.80965","0.0150133","0.982698","1.14473","0.0368236","2","-2.4485e-05"
"drop_recipe","dolma1.7-no-flan","120","24","margin","1.24735","6.42717","0.061766","1.14715","1.34119","0.0448601","1","-3.4005e-07"
"drop_recipe","dolma1.7-no-flan","120","24","accuracy","1.07823","8.60153","0.0180649","0.993551","1.15735","0.0383359","2","-1.86294e-05"
"drop_recipe","dolma1.7-no-math-no-code","120","24","margin","1.20717","6.86219","0.0508068","1.11167","1.29193","0.0398792","1","-2.57868e-07"
"drop_recipe","dolma1.7-no-math-no-code","120","24","accuracy","1.06833","8.76177","0.0157024","0.97772","1.15148","0.0400347","2","-1.87298e-05"
"drop_recipe","dolma1.7-no-reddit","120","24","margin","1.22157","6.70135","0.054693","1.11827","1.31396","0.0471266","1","-3.22027e-07"
"drop_recipe","dolma1.7-no-reddit","120","24","accuracy","1.09023","8.41327","0.0209554","1.00768","1.17064","0.0390563","2","-2.22009e-05"
"drop_recipe","falcon","120","24","margin","1.24485","6.45306","0.0610725","1.14157","1.34094","0.045843","1","-3.20838e-07"
"drop_recipe","falcon","120","24","accuracy","1.07604","8.63654","0.0175413","0.993419","1.15502","0.038349","2","-2.11731e-05"
"drop_recipe","falcon-with-cc","120","24","margin","1.25007","6.39932","0.0625186","1.1495","1.34365","0.0444734","1","-2.66219e-07"
"drop_recipe","falcon-with-cc","120","24","accuracy","1.08991","8.41825","0.0208773","1.00828","1.16745","0.037195","2","-2.67173e-05"
"drop_recipe","falcon-with-cc-top-10p","120","24","margin","1.24993","6.40069","0.0624814","1.14915","1.34359","0.0445989","1","-3.61221e-07"
"drop_recipe","falcon-with-cc-top-10p","120","24","accuracy","1.08698","8.46367","0.020169","1.00294","1.16783","0.0382909","2","-2.03633e-05"
"drop_recipe","falcon-with-cc-top-20p","120","24","margin","1.24835","6.41688","0.0620432","1.14561","1.34358","0.0452031","1","-3.19322e-07"
"drop_recipe","falcon-with-cc-top-20p","120","24","accuracy","1.07196","8.70244","0.016567","0.988909","1.15139","0.0381907","2","-2.5897e-05"
"drop_recipe","fineweb-edu","120","24","margin","1.2486","6.41432","0.0621125","1.14552","1.34358","0.0452045","1","-3.20761e-07"
"drop_recipe","fineweb-edu","120","24","accuracy","1.08409","8.50889","0.0194713","0.997037","1.16514","0.0393861","2","-2.2239e-05"
"drop_recipe","fineweb-pro","120","24","margin","1.24398","6.46205","0.0608328","1.13886","1.34009","0.0455946","1","-2.50396e-07"
"drop_recipe","fineweb-pro","120","24","accuracy","1.07009","8.73288","0.016122","0.990997","1.14927","0.0376582","2","-1.9242e-05"
"drop_size","150M","100","25","margin","1.26265","6.27244","0.0660305","1.1545","1.36227","0.0481393","1","-1.42882e-07"
"drop_size","150M","100","25","accuracy","1.09257","8.37726","0.021523","0.992168","1.18203","0.0433351","2","-2.16867e-05"
"only_size","150M","25","25","margin","1.10114","8.24733","0.0236126","0.781406","1.34386","0.11686","1","-1.00372e-06"
"only_size","150M","25","25","accuracy","1.02788","9.46486","0.00628214","0.877982","1.16481","0.0683058","2","-2.77583e-05"
"drop_size","300M","100","25","margin","1.22074","6.71044","0.0544683","1.05299","1.35925","0.0618131","1","-1.45491e-07"
"drop_size","300M","100","25","accuracy","1.07781","8.60831","0.0179632","0.948658","1.19405","0.0542044","3","-1.65993e-05"
"only_size","300M","25","25","margin","1.35025","5.48493","0.0914642","0.638037","1.80272","0.202109","1","-9.93283e-07"
"only_size","300M","25","25","accuracy","1.08038","8.56738","0.0185798","0.8358","1.28781","0.0938943","2","-4.81077e-05"
"drop_size","530M","100","25","margin","1.17817","7.20415","0.043121","0.992951","1.33819","0.0579076","1","-1.55969e-07"
"drop_size","530M","100","25","accuracy","1.04659","9.12943","0.0105954","0.949732","1.13168","0.0416318","2","-1.69232e-05"
"only_size","530M","25","25","margin","1.51391","4.36314","0.143547","1.064","1.83668","0.139687","1","-9.51369e-07"
"only_size","530M","25","25","accuracy","1.21936","6.72568","0.0540932","1.08342","1.33786","0.0652686","3","-4.6812e-05"
"drop_size","750M","100","25","margin","1.27459","6.15549","0.0693964","1.11298","1.41818","0.0652889","1","-6.2534e-07"
"drop_size","750M","100","25","accuracy","1.11532","8.03903","0.0271035","1.01665","1.20284","0.0449676","1","-3.65417e-05"
"only_size","750M","25","25","margin","1.11023","8.1129","0.025845","0.686225","1.40657","0.127035","0","6.6491e-07"
"only_size","750M","25","25","accuracy","0.986986","10.2654","-0.00287309","0.310132","1.32008","0.131908","1","-1.76423e-05"
"drop_size","1B","100","25","margin","1.28862","6.02214","0.0733933","1.00775","1.51919","0.0988516","1","-5.05564e-07"
"drop_size","1B","100","25","accuracy","1.0663","8.79511","0.0152216","0.958593","1.16211","0.0450002","2","-2.2754e-05"
"only_size","1B","25","25","margin","1.14898","7.57493","0.0355717","","1.75128","0.194107","0","4.4701e-07"
"only_size","1B","25","25","accuracy","1.20454","6.89216","0.0501027","0.805197","1.4968","0.153309","3","-2.3489e-05"
