split_seed,phenotype,Lambda,K_eff,rbar_E,wild_lo,wild_hi,wild_se,negative_diagonals,min_diagonal,diag_arc_challenge,diag_arc_easy,diag_boolq,diag_csqa,diag_hellaswag,diag_mmlu,diag_openbookqa,diag_piqa,diag_socialiqa,diag_winogrande
"1","margin","1.24404","6.46146","0.0608486","1.14364","1.3376","0.0449693","1","-5.15708e-08","1.33506e-05","8.08148e-05","0.0014338","0.000435126","6.78738e-07","1.40933e-05","3.10842e-05","6.03418e-07","9.90466e-05","-5.15708e-08"
"1","accuracy","1.07409","8.66804","0.0170736","0.982286","1.15981","0.041834","3","-2.27249e-06","1.75968e-05","8.96488e-05","0.0019194","0.000186579","5.40744e-06","-1.00996e-06","3.25973e-05","-3.48899e-07","5.26403e-05","-2.27249e-06"
"2","margin","1.24306","6.47166","0.0605776","1.14175","1.33703","0.0452754","1","-7.46421e-08","1.40521e-05","8.2151e-05","0.00143308","0.000435773","6.74785e-07","1.39401e-05","3.01898e-05","6.48275e-07","9.80474e-05","-7.46421e-08"
"2","accuracy","1.08569","8.48373","0.0198586","1.00363","1.16119","0.0375809","2","-1.33658e-05","1.5935e-05","9.02072e-05","0.00191783","0.000180501","5.41807e-06","2.7913e-06","3.56267e-05","-5.45925e-06","4.52593e-05","-1.33658e-05"
"3","margin","1.24688","6.43209","0.0616339","1.14297","1.34261","0.0461993","1","-3.7053e-07","1.45526e-05","8.19443e-05","0.00140258","0.000431317","6.63146e-07","1.35745e-05","3.04088e-05","6.7222e-07","9.71249e-05","-3.7053e-07"
"3","accuracy","1.08189","8.5434","0.0189438","0.986283","1.17054","0.0428793","2","-3.72801e-05","1.56748e-05","8.77603e-05","0.00185671","0.000186372","5.02823e-06","1.02812e-06","1.7344e-05","-2.67437e-06","4.82165e-05","-3.72801e-05"
"4","margin","1.24486","6.45296","0.0610752","1.14385","1.33871","0.0452102","1","-7.5184e-07","1.52701e-05","8.13056e-05","0.00143003","0.000433526","6.83554e-07","1.44202e-05","3.02697e-05","7.19626e-07","9.85931e-05","-7.5184e-07"
"4","accuracy","1.08044","8.56634","0.0185955","0.995912","1.15707","0.0376839","2","-1.0884e-05","1.57641e-05","9.08741e-05","0.00191289","0.000181174","5.86249e-06","2.15104e-06","2.2592e-05","-5.27296e-07","4.51601e-05","-1.0884e-05"
"5","margin","1.24603","6.44085","0.0613989","1.14405","1.34059","0.0454624","1","-4.11978e-09","1.3777e-05","8.11884e-05","0.00143259","0.000433938","6.74195e-07","1.41575e-05","3.07239e-05","6.4551e-07","9.85377e-05","-4.11978e-09"
"5","accuracy","1.09098","8.40165","0.0211381","1.00717","1.1681","0.0380245","3","-1.24156e-05","1.02971e-05","8.03319e-05","0.00191268","0.000184748","5.45906e-06","-4.65905e-07","3.06987e-05","-2.9317e-06","4.25802e-05","-1.24156e-05"
"6","margin","1.24617","6.43938","0.0614384","1.14414","1.34129","0.0450127","1","-1.56027e-07","1.36724e-05","8.1315e-05","0.00143226","0.000433149","6.8483e-07","1.39307e-05","2.74455e-05","7.06869e-07","9.72054e-05","-1.56027e-07"
"6","accuracy","1.09405","8.3546","0.0218828","1.00377","1.17627","0.0406616","2","-2.41435e-05","1.42615e-05","8.82166e-05","0.00191394","0.000179972","5.18224e-06","1.06089e-06","1.6064e-05","-3.61529e-06","4.51071e-05","-2.41435e-05"
"7","margin","1.25149","6.3848","0.0629132","1.15211","1.34404","0.0448572","1","-1.88046e-07","1.42538e-05","8.19562e-05","0.00140612","0.000435329","6.76796e-07","1.41365e-05","2.48924e-05","6.81589e-07","9.47534e-05","-1.88046e-07"
"7","accuracy","1.09625","8.32111","0.0224181","1.00472","1.18137","0.0423618","2","-1.69374e-05","1.55544e-05","8.47041e-05","0.00185598","0.000189702","5.46842e-06","7.12994e-07","3.1552e-05","-4.32572e-06","4.05533e-05","-1.69374e-05"
"8","margin","1.24818","6.41871","0.0619939","1.14595","1.3435","0.045509","1","-6.05331e-07","1.41464e-05","8.18914e-05","0.00143056","0.000430705","6.77214e-07","1.38268e-05","2.95611e-05","7.11315e-07","9.39385e-05","-6.05331e-07"
"8","accuracy","1.08395","8.51106","0.0194379","0.991835","1.1664","0.0414053","2","-1.45253e-05","1.02078e-05","9.43479e-05","0.00190711","0.000180079","5.5678e-06","1.04599e-06","3.72907e-05","-1.81238e-06","4.82598e-05","-1.45253e-05"
"9","margin","1.24709","6.42987","0.0616934","1.14439","1.34186","0.0452215","1","-3.13629e-07","1.37797e-05","8.15071e-05","0.00141522","0.000433126","6.7792e-07","1.38631e-05","2.66412e-05","6.89496e-07","9.82301e-05","-3.13629e-07"
"9","accuracy","1.08429","8.50574","0.0195196","1.00349","1.15863","0.0361969","2","-4.18816e-05","9.79627e-06","8.62601e-05","0.00189109","0.000193427","5.46736e-06","8.70754e-07","1.99467e-05","-2.86382e-06","5.1601e-05","-4.18816e-05"
"10","margin","1.2501","6.39897","0.0625279","1.14682","1.34646","0.0459358","1","-2.41756e-07","1.39396e-05","8.11617e-05","0.00141513","0.000429734","6.77747e-07","1.41098e-05","2.63911e-05","6.1723e-07","9.71208e-05","-2.41756e-07"
"10","accuracy","1.08112","8.55559","0.0187584","0.99297","1.16038","0.0402017","2","-4.3988e-06","8.85664e-06","8.94041e-05","0.00188952","0.000184665","4.83371e-06","8.03686e-07","1.59787e-05","-3.78421e-06","5.03983e-05","-4.3988e-06"
"11","margin","1.24689","6.43199","0.0616365","1.1458","1.34099","0.0449523","1","-3.21277e-07","1.44575e-05","8.11882e-05","0.00142299","0.000437282","6.77872e-07","1.39111e-05","2.63871e-05","5.5425e-07","9.887e-05","-3.21277e-07"
"11","accuracy","1.07496","8.65389","0.0172833","0.98555","1.1563","0.0400485","2","-9.76772e-06","1.77909e-05","8.57122e-05","0.0019053","0.000189413","6.09113e-06","5.3482e-07","1.1264e-05","-2.51807e-06","5.20648e-05","-9.76772e-06"
"12","margin","1.24715","6.42928","0.0617093","1.14554","1.3414","0.0455113","1","-3.99305e-07","1.53748e-05","8.14193e-05","0.00143382","0.00043298","6.72159e-07","1.3811e-05","2.35278e-05","5.68553e-07","9.80482e-05","-3.99305e-07"
"12","accuracy","1.08149","8.54972","0.0188477","0.992136","1.16374","0.0407154","2","-2.21136e-05","1.01845e-05","8.56262e-05","0.00191421","0.000185166","5.85435e-06","9.98763e-07","3.16373e-05","-3.20482e-06","4.86858e-05","-2.21136e-05"
"13","margin","1.24547","6.44666","0.0612433","1.1427","1.34027","0.0453677","1","-1.5727e-07","1.38115e-05","8.13797e-05","0.0014318","0.000433725","6.5713e-07","1.39204e-05","3.07142e-05","5.40501e-07","9.70753e-05","-1.5727e-07"
"13","accuracy","1.09894","8.28042","0.0230742","1.01125","1.18005","0.0403947","1","-1.77978e-05","1.22463e-05","9.21873e-05","0.00190998","0.000178534","5.04442e-06","3.20868e-07","1.48907e-05","1.54084e-06","4.91523e-05","-1.77978e-05"
"14","margin","1.24594","6.44177","0.0613744","1.14324","1.34108","0.0455551","1","-4.14597e-07","1.44715e-05","8.12465e-05","0.00143107","0.000432168","6.64436e-07","1.39224e-05","3.0034e-05","6.46139e-07","9.78387e-05","-4.14597e-07"
"14","accuracy","1.07622","8.63368","0.0175838","0.982695","1.16074","0.0405776","3","-1.91069e-05","1.36092e-05","8.797e-05","0.00189957","0.000185764","4.90939e-06","-1.73213e-07","2.71787e-05","-6.50752e-06","4.96887e-05","-1.91069e-05"
"15","margin","1.24553","6.446","0.0612611","1.14308","1.34066","0.0453717","1","-7.27845e-07","1.42211e-05","8.10982e-05","0.00142474","0.000435668","6.89875e-07","1.39904e-05","2.58044e-05","7.52014e-07","9.90255e-05","-7.27845e-07"
"15","accuracy","1.09016","8.41441","0.0209376","0.995873","1.17613","0.0420806","3","-3.19976e-05","1.79074e-05","8.76101e-05","0.00189907","0.000186572","5.19467e-06","-1.19557e-07","7.70133e-06","-2.75646e-06","5.12616e-05","-3.19976e-05"
"16","margin","1.24536","6.44776","0.0612141","1.14439","1.33966","0.0452513","1","-1.64894e-07","1.34168e-05","8.161e-05","0.00142022","0.000433229","6.6541e-07","1.37236e-05","2.43582e-05","7.11699e-07","9.74053e-05","-1.64894e-07"
"16","accuracy","1.08367","8.51537","0.019372","1.00024","1.15875","0.0368143","2","-1.39207e-05","1.40169e-05","8.64434e-05","0.00189213","0.000180272","5.58964e-06","1.99183e-06","2.57493e-05","-3.44321e-06","4.61128e-05","-1.39207e-05"
"17","margin","1.2444","6.45777","0.060947","1.14251","1.33885","0.045347","1","-1.8153e-07","1.50215e-05","8.17172e-05","0.00143126","0.000434315","6.76116e-07","1.42065e-05","3.03277e-05","6.71676e-07","9.70568e-05","-1.8153e-07"
"17","accuracy","1.08439","8.50415","0.0195441","0.993439","1.16738","0.0416816","2","-9.02683e-06","1.22541e-05","8.95175e-05","0.00191398","0.000172205","6.18373e-06","1.83491e-06","3.2128e-05","-4.57358e-06","4.4681e-05","-9.02683e-06"
"18","margin","1.24471","6.45451","0.0610337","1.14256","1.3402","0.0457788","1","-2.92544e-07","1.40441e-05","8.19905e-05","0.00142939","0.000434973","6.70335e-07","1.39251e-05","2.957e-05","5.61152e-07","9.76256e-05","-2.92544e-07"
"18","accuracy","1.08461","8.5006","0.0195986","0.992448","1.16837","0.0419933","1","-4.36956e-05","1.80821e-05","8.8159e-05","0.00190875","0.000186883","5.86556e-06","1.76472e-06","1.65547e-05","5.27296e-07","4.92669e-05","-4.36956e-05"
"19","margin","1.24774","6.42321","0.0618727","1.14571","1.34239","0.0455454","1","-5.04404e-07","1.44374e-05","8.10813e-05","0.001426","0.000432221","6.74091e-07","1.41412e-05","3.03434e-05","6.04236e-07","9.83274e-05","-5.04404e-07"
"19","accuracy","1.08456","8.5014","0.0195863","0.997891","1.16405","0.0394245","2","-2.80971e-05","6.14645e-06","8.65038e-05","0.00190845","0.000179736","5.79987e-06","1.37469e-06","2.11627e-05","-4.63515e-06","4.37563e-05","-2.80971e-05"
"20","margin","1.24329","6.46929","0.0606405","1.14219","1.33696","0.0450559","1","-3.44007e-07","1.45588e-05","8.22569e-05","0.00143223","0.000433577","6.93631e-07","1.42117e-05","3.00977e-05","7.13501e-07","9.78757e-05","-3.44007e-07"
"20","accuracy","1.08538","8.48854","0.0197844","0.995712","1.16592","0.0404526","2","-2.19309e-05","1.2984e-05","8.81505e-05","0.00191079","0.000179378","4.67531e-06","8.2065e-07","2.4256e-05","-9.20873e-06","5.0742e-05","-2.19309e-05"
"21","margin","1.24563","6.44503","0.0612869","1.14416","1.34004","0.0456069","1","-2.66143e-07","1.4237e-05","8.15972e-05","0.00143346","0.000434711","6.55306e-07","1.41084e-05","1.63775e-05","6.82754e-07","9.78561e-05","-2.66143e-07"
"21","accuracy","1.08707","8.46219","0.020192","0.995449","1.16922","0.0407634","2","-3.21803e-05","1.74376e-05","8.50754e-05","0.00191634","0.000183471","5.10344e-06","9.29547e-07","1.15413e-05","-1.32613e-07","4.83478e-05","-3.21803e-05"
"22","margin","1.24634","6.43763","0.0614852","1.14458","1.34084","0.0451483","1","-6.4995e-07","1.39804e-05","8.05949e-05","0.00143324","0.000435533","6.73635e-07","1.41883e-05","1.909e-05","7.08499e-07","9.76851e-05","-6.4995e-07"
"22","accuracy","1.07637","8.63131","0.0176192","0.982971","1.16066","0.0420553","2","-4.0556e-05","1.25181e-05","8.9441e-05","0.00191682","0.000193784","5.24878e-06","1.13571e-06","2.25493e-05","-4.973e-07","4.47271e-05","-4.0556e-05"
"23","margin","1.24476","6.454","0.0610475","1.14323","1.33904","0.0455816","1","-2.90762e-07","1.4605e-05","8.18044e-05","0.00143188","0.000435942","6.77987e-07","1.41379e-05","2.71194e-05","6.84884e-07","9.88258e-05","-2.90762e-07"
"23","accuracy","1.06589","8.80187","0.0151247","0.971987","1.15039","0.0425687","2","-2.38811e-05","1.74609e-05","9.17131e-05","0.00190933","0.000178745","5.13322e-06","8.59613e-07","1.27573e-05","-2.31126e-06","4.38415e-05","-2.38811e-05"
"24","margin","1.24396","6.46233","0.0608255","1.14497","1.33652","0.0447176","1","-1.66738e-07","1.46372e-05","8.12227e-05","0.00143096","0.000434979","6.80676e-07","1.40896e-05","3.00459e-05","5.99031e-07","9.73981e-05","-1.66738e-07"
"24","accuracy","1.08201","8.54157","0.0189717","0.994411","1.16178","0.0399978","2","-1.58543e-05","2.07962e-05","8.91708e-05","0.0019095","0.000176058","5.85715e-06","8.74216e-07","3.26187e-05","-4.16153e-06","4.63237e-05","-1.58543e-05"
"25","margin","1.24571","6.44419","0.0613095","1.14528","1.33938","0.0452898","1","-4.96742e-07","1.39915e-05","8.19176e-05","0.00143131","0.000433118","6.7589e-07","1.39477e-05","2.92636e-05","7.22765e-07","9.69961e-05","-4.96742e-07"
"25","accuracy","1.09183","8.38862","0.0213435","0.994606","1.17963","0.0428433","2","-2.60904e-05","1.67387e-05","9.17338e-05","0.00189837","0.000178223","5.19282e-06","9.9556e-07","1.14773e-05","-2.15181e-06","4.10213e-05","-2.60904e-05"
"26","margin","1.24399","6.46202","0.0608338","1.14341","1.33809","0.0449552","1","-2.77325e-07","1.39052e-05","8.16692e-05","0.00143418","0.000434051","6.66516e-07","1.39626e-05","2.33519e-05","6.89321e-07","9.79845e-05","-2.77325e-07"
"26","accuracy","1.06593","8.80126","0.0151334","0.9757","1.14727","0.0394445","2","-1.46948e-05","1.95343e-05","8.79209e-05","0.00191887","0.000182247","5.63105e-06","1.40464e-06","1.22667e-05","-3.47163e-06","4.78128e-05","-1.46948e-05"
"27","margin","1.24877","6.4126","0.0621588","1.14771","1.34295","0.0451249","1","-2.10949e-07","1.295e-05","8.16051e-05","0.00143365","0.000432398","6.88171e-07","1.41784e-05","2.40201e-05","7.6298e-07","9.68209e-05","-2.10949e-07"
"27","accuracy","1.08106","8.5566","0.0187431","0.991929","1.16216","0.0393799","1","-9.16637e-06","1.451e-05","9.11443e-05","0.00191412","0.00018556","5.10894e-06","2.0633e-06","2.26347e-05","7.07271e-07","4.69495e-05","-9.16637e-06"
"28","margin","1.2443","6.45876","0.0609205","1.14366","1.33788","0.0450521","1","-4.69837e-07","1.39716e-05","8.14689e-05","0.00142771","0.000435815","6.8515e-07","1.38937e-05","2.67599e-05","5.43119e-07","9.97046e-05","-4.69837e-07"
"28","accuracy","1.0804","8.56702","0.0185852","0.982627","1.16725","0.0439857","2","-2.2984e-05","1.44129e-05","8.88175e-05","0.00189662","0.000184129","5.17606e-06","7.84226e-07","1.48693e-05","-1.05143e-06","4.69886e-05","-2.2984e-05"
"29","margin","1.24387","6.46321","0.060802","1.14183","1.33863","0.0454207","1","-3.61369e-09","1.34348e-05","8.14066e-05","0.00143189","0.000435083","6.77155e-07","1.43676e-05","2.82404e-05","6.32075e-07","9.89625e-05","-3.61369e-09"
"29","accuracy","1.08366","8.51557","0.0193689","0.997878","1.16258","0.0393735","2","-1.32163e-05","1.65756e-05","9.30328e-05","0.00191617","0.000182712","5.42701e-06","1.57315e-06","3.3152e-05","-1.52347e-06","4.63531e-05","-1.32163e-05"
"30","margin","1.24675","6.43337","0.0615995","1.14706","1.33985","0.0447669","1","-3.96751e-07","1.44157e-05","8.12473e-05","0.00142183","0.000432936","6.73071e-07","1.42203e-05","2.9295e-05","7.56902e-07","9.82929e-05","-3.96751e-07"
"30","accuracy","1.09032","8.41191","0.0209768","1.00191","1.16996","0.039161","2","-1.4429e-05","1.07476e-05","8.88175e-05","0.0018902","0.000182569","5.76713e-06","5.10489e-07","2.31253e-05","-1.5961e-06","5.30817e-05","-1.4429e-05"
"31","margin","1.24427","6.45907","0.0609123","1.14123","1.33947","0.0454106","1","-2.43656e-07","1.37448e-05","8.202e-05","0.00143117","0.000435349","6.77733e-07","1.39452e-05","2.96233e-05","6.99047e-07","9.74857e-05","-2.43656e-07"
"31","accuracy","1.08158","8.54841","0.0188675","0.987217","1.16554","0.0412424","1","-4.08218e-05","1.60903e-05","8.82412e-05","0.00190056","0.000191176","6.64344e-06","1.08184e-06","2.13973e-05","1.4698e-06","4.9394e-05","-4.08218e-05"
"32","margin","1.24757","6.42496","0.0618256","1.14423","1.34344","0.0464148","1","-4.2275e-07","1.36591e-05","8.21759e-05","0.00140963","0.000431741","6.73958e-07","1.37937e-05","2.38007e-05","7.53061e-07","9.81076e-05","-4.2275e-07"
"32","accuracy","1.10649","8.16773","0.0249256","1.01314","1.1915","0.0412106","2","-1.51798e-05","1.18852e-05","8.9783e-05","0.00184805","0.00018331","5.89105e-06","1.20979e-06","3.50293e-05","-6.29439e-06","3.94582e-05","-1.51798e-05"
"33","margin","1.24499","6.45159","0.0611117","1.14444","1.33927","0.0452529","1","-2.84338e-07","1.39921e-05","8.13028e-05","0.00143353","0.00043421","6.72359e-07","1.36961e-05","2.82758e-05","6.36566e-07","9.82499e-05","-2.84338e-07"
"33","accuracy","1.08663","8.46916","0.0200839","1.00002","1.16749","0.039756","2","-1.75586e-05","8.63532e-06","8.79549e-05","0.00191921","0.000189971","5.33858e-06","5.26588e-07","2.2528e-05","-3.15114e-06","4.85154e-05","-1.75586e-05"
"34","margin","1.24624","6.43871","0.0614563","1.14616","1.33952","0.0449194","1","-4.5093e-07","1.38302e-05","8.0943e-05","0.00142521","0.000433738","6.70197e-07","1.42414e-05","2.88024e-05","6.71608e-07","9.78742e-05","-4.5093e-07"
"34","accuracy","1.09401","8.35521","0.0218731","1.00313","1.17827","0.0414861","1","-4.01805e-05","4.36425e-06","8.48241e-05","0.00191284","0.000186061","5.33863e-06","1.74074e-06","2.8672e-05","4.75198e-07","4.87081e-05","-4.01805e-05"
"35","margin","1.25026","6.39734","0.0625722","1.14789","1.34579","0.0461586","0","7.61413e-08","1.38441e-05","8.14684e-05","0.00142789","0.000428932","6.72511e-07","1.41686e-05","1.81718e-05","6.48752e-07","9.74271e-05","7.61413e-08"
"35","accuracy","1.09018","8.41397","0.0209444","1.00708","1.16537","0.0365759","1","-2.75646e-06","1.18697e-05","8.73645e-05","0.00190737","0.000174638","5.90168e-06","5.43283e-07","3.86133e-06","-2.75646e-06","4.90965e-05","7.80088e-06"
"36","margin","1.24323","6.46991","0.0606239","1.14163","1.33776","0.0455568","1","-9.64229e-08","1.44133e-05","8.17194e-05","0.00142387","0.000434929","6.75388e-07","1.38225e-05","2.90555e-05","6.48378e-07","9.86264e-05","-9.64229e-08"
"36","accuracy","1.0909","8.40288","0.0211187","1.00375","1.17158","0.0401644","2","-2.54226e-05","3.36638e-06","8.45908e-05","0.00190479","0.00018806","5.66961e-06","1.56236e-06","2.16533e-05","-2.18023e-06","4.78058e-05","-2.54226e-05"
"37","margin","1.24631","6.43792","0.0614775","1.1453","1.34081","0.0453003","1","-1.11791e-07","1.48794e-05","8.18033e-05","0.0014287","0.000429726","6.53991e-07","1.43557e-05","3.2836e-05","7.29282e-07","9.8092e-05","-1.11791e-07"
"37","accuracy","1.0843","8.50555","0.0195225","0.984278","1.17504","0.044886","2","-2.74592e-05","9.67202e-06","8.91066e-05","0.00190521","0.000178201","5.56558e-06","9.87737e-07","1.28e-05","-5.17665e-06","5.58446e-05","-2.74592e-05"
"38","margin","1.24537","6.44767","0.0612165","1.14411","1.33978","0.0450955","1","-2.02575e-07","1.51672e-05","8.18547e-05","0.00143318","0.000434355","6.70107e-07","1.41726e-05","2.74461e-05","5.935e-07","9.78575e-05","-2.02575e-07"
"38","accuracy","1.07658","8.62791","0.0176698","0.990755","1.15539","0.0394775","2","-4.50544e-05","1.14542e-05","9.04074e-05","0.00191439","0.000185156","5.55183e-06","1.32674e-06","4.79147e-05","-2.42493e-06","5.25076e-05","-4.50544e-05"
"39","margin","1.24528","6.4486","0.0611916","1.14495","1.33873","0.0448282","1","-8.35712e-08","1.43424e-05","8.15887e-05","0.00143229","0.000431308","6.77469e-07","1.4322e-05","2.94677e-05","6.61938e-07","9.85783e-05","-8.35712e-08"
"39","accuracy","1.07725","8.61723","0.0178296","0.987085","1.16282","0.0420032","2","-2.82566e-05","8.44118e-06","9.074e-05","0.0019151","0.000184945","5.5156e-06","2.54474e-06","3.86133e-05","-2.19286e-06","3.8127e-05","-2.82566e-05"
"40","margin","1.24587","6.44248","0.0613553","1.14522","1.33958","0.0447516","1","-2.85966e-07","1.32148e-05","8.12246e-05","0.00143103","0.000434403","6.73944e-07","1.42467e-05","3.10521e-05","6.47541e-07","9.77397e-05","-2.85966e-07"
"40","accuracy","1.09333","8.36565","0.0217072","1.00218","1.17566","0.0414665","2","-2.93463e-05","2.24037e-05","8.86578e-05","0.00190232","0.000175901","6.23033e-06","1.32719e-06","2.76693e-05","-1.0167e-06","5.03508e-05","-2.93463e-05"
"41","margin","1.24337","6.46845","0.0606629","1.1417","1.33798","0.0456086","1","-1.81363e-07","1.37352e-05","8.11332e-05","0.00143324","0.000433861","6.79637e-07","1.35976e-05","2.99091e-05","5.75796e-07","9.83434e-05","-1.81363e-07"
"41","accuracy","1.07963","8.57934","0.0183989","0.992638","1.15908","0.0383538","2","-3.66256e-05","2.50323e-05","9.16705e-05","0.00191063","0.000194722","5.425e-06","9.61569e-07","2.96533e-05","-3.63266e-06","4.98773e-05","-3.66256e-05"
"42","margin","1.24541","6.44727","0.0612272","1.14219","1.34123","0.0456337","1","-1.00995e-07","1.35116e-05","8.16591e-05","0.00142326","0.000431017","6.43629e-07","1.41225e-05","2.93247e-05","6.89723e-07","9.84046e-05","-1.00995e-07"
"42","accuracy","1.08805","8.44698","0.0204284","1.00168","1.16762","0.0395763","2","-1.20834e-05","8.69356e-06","8.78529e-05","0.00187687","0.000182365","5.15649e-06","1.15947e-06","2.8224e-05","-3.55372e-06","4.91928e-05","-1.20834e-05"
"43","margin","1.25142","6.38547","0.062895","1.14994","1.34523","0.045023","1","-3.2077e-07","1.36313e-05","8.16991e-05","0.00137607","0.000434837","6.61022e-07","1.40602e-05","2.46483e-05","4.71639e-07","9.85571e-05","-3.2077e-07"
"43","accuracy","1.09781","8.2974","0.0227996","1.01645","1.17296","0.0379443","2","-5.47524e-06","6.18528e-06","8.92889e-05","0.00180453","0.000194657","5.17764e-06","1.23553e-06","1.2608e-05","-4.83565e-06","5.17603e-05","-5.47524e-06"
"44","margin","1.24648","6.43616","0.0615247","1.14423","1.342","0.0456736","1","-2.9378e-07","1.4727e-05","8.16905e-05","0.00143273","0.000432662","6.61037e-07","1.39384e-05","3.04327e-05","5.68903e-07","9.51008e-05","-2.9378e-07"
"44","accuracy","1.07986","8.57561","0.0184553","0.987954","1.16268","0.0408542","1","-1.814e-06","1.33374e-05","8.96724e-05","0.00190807","0.000180115","5.8901e-06","1.18902e-06","2.60693e-05","1.8408e-06","4.83478e-05","-1.814e-06"
"45","margin","1.24452","6.45644","0.0609824","1.14281","1.33954","0.045419","1","-8.06672e-07","1.41268e-05","8.02792e-05","0.00143131","0.000434077","6.66334e-07","1.39999e-05","3.19632e-05","5.34435e-07","9.84823e-05","-8.06672e-07"
"45","accuracy","1.08247","8.53428","0.0190828","0.997134","1.15916","0.037774","1","-3.61007e-05","9.51671e-06","8.57566e-05","0.00191659","0.000182079","5.66136e-06","6.49396e-07","3.00373e-05","7.89365e-08","5.27855e-05","-3.61007e-05"
"46","margin","1.24595","6.4417","0.0613761","1.14474","1.34","0.0450029","1","-1.96114e-07","1.43439e-05","8.19361e-05","0.00143137","0.000436286","6.83392e-07","1.41522e-05","3.00945e-05","6.03793e-07","9.61025e-05","-1.96114e-07"
"46","accuracy","1.07889","8.59097","0.0182237","0.987695","1.16335","0.0415878","3","-2.10172e-05","5.10586e-06","8.70603e-05","0.00191339","0.000185528","5.34879e-06","-9.77173e-08","1.28213e-05","-1.52505e-06","4.79385e-05","-2.10172e-05"
"47","margin","1.24323","6.46988","0.0606249","1.14119","1.33764","0.0452083","1","-2.76959e-07","1.47422e-05","8.17823e-05","0.00143229","0.000436312","6.67598e-07","1.38704e-05","2.67235e-05","6.69307e-07","9.75341e-05","-2.76959e-07"
"47","accuracy","1.07552","8.64498","0.0174156","0.979135","1.16071","0.042144","2","-1.67214e-05","2.12932e-05","8.99039e-05","0.00191428","0.000181374","5.64121e-06","1.43869e-06","1.12213e-05","-4.38729e-06","5.56561e-05","-1.67214e-05"
"48","margin","1.24515","6.44994","0.0611557","1.1455","1.33798","0.0449246","1","-5.19606e-07","1.43577e-05","8.11858e-05","0.00143052","0.000436492","6.73635e-07","1.42968e-05","3.14522e-05","6.82399e-07","9.44297e-05","-5.19606e-07"
"48","accuracy","1.07996","8.57409","0.0184783","0.993932","1.15808","0.0391207","2","-3.28913e-05","2.21707e-05","8.6313e-05","0.00190546","0.000183621","5.32573e-06","1.26558e-06","2.41067e-05","-3.08168e-06","4.84819e-05","-3.28913e-05"
"49","margin","1.24821","6.41834","0.062004","1.14908","1.34131","0.0446942","1","-4.0987e-07","1.27906e-05","8.22614e-05","0.00143203","0.000435344","6.71724e-07","1.41701e-05","2.22673e-05","7.88933e-07","9.86081e-05","-4.0987e-07"
"49","accuracy","1.08508","8.49324","0.0197118","0.995977","1.16561","0.0399813","2","-3.35624e-05","2.17009e-05","9.04849e-05","0.00191202","0.000184848","5.45721e-06","1.44172e-07","9.83467e-06","-5.20981e-06","5.12839e-05","-3.35624e-05"
"50","margin","1.24457","6.45597","0.060995","1.14124","1.34008","0.0457943","1","-3.30117e-07","1.40153e-05","8.09788e-05","0.00142982","0.000428543","6.7486e-07","1.40745e-05","2.34127e-05","5.62598e-07","9.90282e-05","-3.30117e-07"
"50","accuracy","1.08423","8.50665","0.0195056","0.995766","1.16523","0.0408982","2","-2.56785e-05","1.21298e-05","9.06276e-05","0.00190122","0.000189534","5.4231e-06","2.61892e-07","1.0048e-05","-5.2477e-06","4.85405e-05","-2.56785e-05"
